"identifier","title","author","collections","description","topics","attribute:اللغة","files"
"bnr1","القران الكريم","هو كلام الله عز وجل","bnr","تحميل القران الكريم pdf<br><br>خير الكلام كلام الله القران الكريم هو الكتاب الخالد لهذه الأمة، ودستورها الشامل، وحاديها الهادي، وقائدها الأمين، كما أنه الكتاب الخالد للدعوة الإسلامية، ودليلها في الحركة في كل حين، وله أهمية كبيرة في حياة الفرد والأسرة والمجتمع والأمة؛ فهو يعالج بناء هذا الإنسان نفسه، بناء شخصيته وضميره وعقله وتفكيره، ويشرع من التشريعات ما يحفظ كيان الأسرة تظللها السكينة وتحفها المودة والرحمة، كما يعالج بناء المجتمع الإنساني الذي يسمح لهذا الإنسان بأن يحسن استخدام الطاقات الكامنة في المجتمع، وينشد الأمة القوية المتماسكة الشاهدة على العالمين.<br><br>الحجم : 4.6 ميجا بايت عدد الصفحات : 569   تحميل ","القرآن الكريم|الكتب المطبوعة","Arabic|English","bnr1-1.pdf=الرابط المباشر 1  (للتحميل اضغط هنا)"
"bnr100","الخالدون مائة اعظمهم محمد (ص) للكاتب انيس منصور","أنيس منصور","bnr","تحميل كتاب الخالدون مائة اعظمهم محمد (ص) pdf للكاتب انيس منصور     كتاب يذكر اهم مائة شخصية غيرت العالم وهو من تأليف مايكل هارت وهو عالم فلكى يعمل فى هيئة الفضاء الامريكى , وترجم الكتاب للغة العربيه أنيس منصور   وبرغم ان الكتاب اعيدت طباعته وتغير ترتيب الأسماء فيه إلا أن رسول الله صلى الله عليه وسلم بقي رقم 1   وهذا إنصاف من شخصية غير مسلمة احترمت الحقيقة بشجاعة الكتاب فيه الكثير من الفوائد والتساؤلات    الكاتب : مايكل هارت ترجمة انيس منصور عدد الصفحات : 190 صفحة الحجم :16.7 ميجابايت<br><br>الحقوق محفوظة للكاتب <br> ","المعارف العامة|الكتب المطبوعة","Arabic|English","bnr100-1.pdf=الرابط المباشر 1  (للتحميل اضغط هنا)"
"bnr1000","أطفال - سلسلة البيت الأخضر - سر الحياة","هديل غنيم","bnr","كتاب أطفال - سلسلة البيت الأخضر - سر الحياة pdf تأليف هديل غنيم هذه القصة إحدى حلقات سلسلة البيت الأخضر التى كتبت للأطفال، كتبتها هديل غنيم بأسلوب مبسط وسلسل فى غاية الوضوح، أحداث شيقة ومثيرة تسردها فى إطار مشوق يجذب القارىء ويناسب ذهن الاطفال، سلسلة تحمل أجواء ممتعة للأطفال.   ","الروايات|الكتب المطبوعة","Arabic|English","bnr1000-1.pdf=الرابط المباشر 1  (للتحميل اضغط هنا)"
"bnr10000","(100) مائة حل للمشكلات الزوجية - نسخة مصورة","كاتب غير محدد","bnr","","العلوم الاجتماعية|الكتب المطبوعة","Arabic|English","bnr10000-1.rar=الرابط المباشر 1  (للتحميل اضغط هنا)"
"bnr10001","الملحمة الإسلامية الكبرى (عمر) الجزء الأول","على أحمد باكثير","bnr","كتاب الملحمة الإسلامية الكبرى (عمر) الجزء الأول- علي أحمد باكثير تدور الأحداث حول فترة تولى عمر بن الخطاب رضى الله عنه الخلافة، يقص علينا الفتوحات الإسلامية فى عهده ويبين لنا مدى حكمته وقوته فى الحق، يظهر لنا عظمة الإسلام حينما كان المسلمون ملتفون حول كلمة التوحيد ولم يكن لهم همٌّ سوى إعلاء كلمة اللَّه، يعرض الكتاب الأحداث فى شكل مسرحى رائع ويخرج لك صورةً تُشعرك بأنك ترى الأحداث رأى العين.يوضح لنا قوة المسلمين واتحادهم حين جاء الإسلام رافعاً راية السلام والحرية من ذل العبودية والرق، ويصف مدى ذكاء ودهاء القادة المسلمين فى قيادتهم لأمور الدولة والمعارك، تقرأ فى الكتاب عن معركة اليرموك فترى عبقرية خالد بن الوليد فى إدارة دفة المعركة وكيف جعل الروم يلقون بأيدهم إلى التهلكة دون أن يشعروا، ومعركة القادسية وشجاعة القعقاع بن عمرو وحيلته الشهيرة  فيلة العرب  .   ","الآداب|الكتب المطبوعة","Arabic|English","bnr10001-1.pdf=الرابط المباشر 1  (للتحميل اضغط هنا)"
"bnr10002","الشبهات والأخطاء الشائعة في الأدب العربي والتراجم والفكر الإسلامي","أنور الجندى","bnr","","الآداب|الكتب المطبوعة","Arabic|English","bnr10002-1.pdf=الرابط المباشر 1  (للتحميل اضغط هنا)"
"bnr10003","كتاب القوافي ت: النفاخ","سعيد بن مسعدة الأخفش","bnr","","الآداب|الكتب المطبوعة","Arabic|English","bnr10003-1.pdf=الرابط المباشر 1  (للتحميل اضغط هنا)|bnr10003-2.pdf=الرابط المباشر 2  (للتحميل اضغط هنا)"
"bnr10005","دراسات عن البهائية والبابية","محب الدين الخطيب علي علي منصور محمد كرد علي محمد فاضل","bnr","","الإسلام|الكتب المطبوعة","Arabic|English","bnr10005-1.pdf=الرابط المباشر 1  (للتحميل اضغط هنا)"
"bnr10007","الزهرة والمريخ عود على بدء","جون جراي","bnr","كتاب الزهرة المريح عود على بدء pdf تأليف الكاتب جون جراي . دليل علمى لإيجاد الحب مرة أخرى بعد إنفصال مؤلم أو طلاق أو وفاة الزوج تجد عزيزي القاريء بين دفتي هذا الكتاب الرائع إجابات على أكثر أسئلتك أو حلولا لأكثر المشاكل التي قد تواجهك في حياتك الاجتماعية وما بين الرجال والنساء يمتاز هذا الكتاب بأسلوبه السهل المشوق والتحليل النفسي العميق ووضع الحلول لأكثر المشاكل النفسية والاجتماعية التي تنشأ بسبب المشاكل التى يواجهها الرجل والمرأة ","العلوم الاجتماعية|الكتب المطبوعة","Arabic|English","bnr10007-1.pdf=الرابط المباشر 1  (للتحميل اضغط هنا)"
"bnr10008","وظيفة موظف إستقبال - مهارات التعامل مع العملاء","المملكة العربية السعودية - المؤسسة العامة للتعليم الفنى والتدريب المهنى","bnr","","العلوم الاجتماعية|الكتب المطبوعة","Arabic|English","bnr10008-1.pdf=الرابط المباشر 1  (للتحميل اضغط هنا)"
"bnr10009","إرشاد العباد للاستعداد ليوم المعاد","عبد العزيز المحمد السلمان","bnr","","العلوم الاجتماعية|الكتب المطبوعة","Arabic|English","bnr10009-1.pdf=الرابط المباشر 1  (للتحميل اضغط هنا)"
"bnr1001","البنية النفسية عند الإنسان","كارل يونغ","bnr","","العلوم الاجتماعية|الكتب المطبوعة","Arabic|English","bnr1001-1.pdf=الرابط المباشر 1  (للتحميل اضغط هنا)"
"bnr10010","فهرس ابن غازي تحقيق محمد الزاهي","البسيلي التونسي أبو العباس ابن غازي العثماني المكناسي","bnr","","المعارف العامة|الكتب المطبوعة","Arabic|English","bnr10010-1.pdf=الرابط المباشر 1  (للتحميل اضغط هنا)"
"bnr10011","إرادة القوة","فريدريد نيتشه","bnr","","الفلسفة والعلوم المتصلة بها|الكتب المطبوعة","Arabic|English","bnr10011-1.pdf=الرابط المباشر 1  (للتحميل اضغط هنا)"
"bnr10012","مذكرات محكوم عليه بالأعدام","فيكتور هوجو","bnr","رواية  مذكرات محكوم عليه بالإعدام من الروايات التي تناقش بعد إنساني في وجدان بطل الرواية , حيث تدور الأحداث حول رجل حكم عليه بالاعدام فيقرر أن يكتب مذكراته ويومياته بإنتظار تنفيذ الحكم , وأجمل ما فيها أن هوجو يذكر على لسان بطل الرواية المحكوم عليه بالإعدام أن هذه الرواية ستكون ناقصة لأنه لن يتمكن من كتابة شعوره بعد تنفيذ حكم الإعدام. وهذا فعلاً ما جرى.. ويبدأ الكاتب في الدفاع عن كل المظلومين في السجن من وجه نظر إنسانية بحتة , وكان فيكتور هوجو أديب وناشط إجتماعي في عصره وكان الهدف من هذه الرواية مناهضه تنفيذ حكم الإعدام وإلغاؤه تماماً , وقد تم ذلك فعلاً بعد عدة قرون في بعض الدول . ","الروايات|الكتب المطبوعة","Arabic|English","bnr10012-1.pdf=الرابط المباشر 1  (للتحميل اضغط هنا)"
"bnr10013","كتابة السيناريو للسينما","دوايت سوين","bnr","كتاب كتابة السيناريو للسينما دوايت سوين pdf تأليف دوايت سوين، نجد في هذا الكتاب عمل رائع لدوايت سوين حيث لم يبخل بأي تفصيلة بأي معلومة لديه وضع كل عصارة خبرته وعمله في مجال كتابة السيناريو. الكتاب يعطي فكرة جيدة عن المجال... وأيضا يحمل نصائح مهمة لاقتحام المهنة بقوة، فالكتاب موجه للمهتمين بالكتابة السينمائية والدارسين لها. ","العلوم التطبيقية|الكتب المطبوعة","Arabic|English","bnr10013-1.pdf=الرابط المباشر 1  (للتحميل اضغط هنا)"
"bnr10015","الجنرال في المتاهة رواية جابرييل جارسيا ماركيز","جابرييل جارسيا ماركيز","bnr","","الروايات|الكتب المطبوعة","Arabic|English","bnr10015-1.pdf=الرابط المباشر 1  (للتحميل اضغط هنا)"
"bnr10016","الكليات الأساسية للشريعة الاسلامية - نسخة مصورة","د. أحمد الريسوني","bnr","","الإسلام|الكتب المطبوعة","Arabic|English","bnr10016-1.rar=الرابط المباشر 1  (للتحميل اضغط هنا)"
"bnr10018","الرشد السياسي وأسسه المعيارية لـ د لؤي صافي","لؤى صافى","bnr","يتمثل الرشد السياسي بجملة من المبادئ الكلية والمعايير السياسية التي تجعل الحياة في المجتمع السياسي حياة منتجة, وتسمح للأفراد بتطوير حياتهم وتحقيق إمكانياتهم في أجواء من الحرية. هذه القيم تشكل المساهمة الحقيقية بوصفها مطلبا أخلاقيا عملت الرسالة الإسلامية على ترسيخه بتأكيد القيم التي تتناسب مع الحياة السياسية, ومع رسالة الإنسان الخاصة وغايته الوجودية, وبالتالي تساهم في ارتقاء المجتمعات الإنسانية, وتحفيز الإنسان على تحقيق الغاية الأساسية من خلقه, والمتمثلة في تطوير حياته الاجتماعية.  ينطلق الكتاب من مفهوم الحكم الراشد ويبحث في مجالاته الدلالية باعتباره قرارا يتعلق بالحياة العامة, ويهتدي بجملة من القيم المعيارية الموجهة للقرار والفعل الناجم عنه. وبعد رسم حدود الحكم الراشد كما تجلى سياسيا في الخبرة الإسلامية التاريخية, ينتقل الكتاب على النظر في مفهوم الحوكمة الرشيدة بوصفها علاقة بين أفراد المجتمع المدني ومؤسساته من جهة, ومؤسسات الدولة السلطوية من جهة ثانية. وبالتالي يسعى هذا الكتاب إلى النظر في القيم المعيارية التي صاحبت التحول من الحكم الراشد باتجاه قواعد سياسية مطلوبة في المجتمعات الإسلامية المعاصرة التي لا يمكنها أن تنمو وتتطور إلا باعتماد مبدأ الشوري, هذه القواعد التي نسميها قواعد الحوكمة الرشيدة ناجمة عن المزاوجة بين مبدأ الشورى والأسس المعيارية للحكم الراشد. ","العلوم السياسية|الكتب المطبوعة","Arabic|English","bnr10018-1.pdf=الرابط المباشر 1  (للتحميل اضغط هنا)"
"bnr10019","قرارات المجمع الفقهي الإسلامي بمكة المكرمة","المجمع الفقهي رابطة العالم الإسلامي","bnr","","غير مصنف|الكتب المطبوعة","Arabic|English","bnr10019-1.pdf=الرابط المباشر 1  (للتحميل اضغط هنا)"
"bnr10020","المفيد في خطب الجمعة والعيد المجموعة الأولى","إبراهيم بن محمد الحقيل","bnr","","الإسلام|الكتب المطبوعة","Arabic|English","bnr10020-1.pdf=الرابط المباشر 1  (للتحميل اضغط هنا)|bnr10020-2.pdf=الرابط المباشر 2  (للتحميل اضغط هنا)|bnr10020-3.pdf=الرابط المباشر 3  (للتحميل اضغط هنا)|bnr10020-4.pdf=الرابط المباشر 4  (للتحميل اضغط هنا)|bnr10020-5.pdf=الرابط المباشر 5  (للتحميل اضغط هنا)|bnr10020-6.pdf=الرابط المباشر 6  (للتحميل اضغط هنا)"
"bnr10021","السلامة المهنية فى الحماية من خطر السقوط","محمد عبد الحليم امام خليفة","bnr","الكتاب يتحدث عن السبل اللازمه للحماية من خطر السقوط اثناء العمل على اماكن مرتفعه وكيفية استخدام مهمات السلامة اللازمه لتجنب خطر السقوط ","غير مصنف|الكتب المطبوعة","Arabic|English","bnr10021-1.pdf=الرابط المباشر 1  (للتحميل اضغط هنا)"
"bnr10022","الصوفية في حضرموت نشأتها ، أصولها ، آثارها (عرض ونقد) -","أمين بن أحمد السعدي","bnr","","الإسلام|الكتب المطبوعة","Arabic|English","bnr10022-1.pdf=الرابط المباشر 1  (للتحميل اضغط هنا)"
"bnr10023","التحالف السياسي في الإسلام","منير محمد الغضبان","bnr","","المعارف العامة|الكتب المطبوعة","Arabic|English","bnr10023-1.pdf=الرابط المباشر 1  (للتحميل اضغط هنا)"
"bnr10024","الأحلام بين العلم والعقيدة","د. علي الوردي","bnr","يبحث هذا الكتاب في الأحلام من حيث تأثيرها في عقائد الناس وعاداتهم وماتوصل إليه العلم الحديث في ذلك من نظريات، ولذلك فالكتاب مكون من مجموعة أبحاث وأفكار جمعها المؤلف علي الوردي. والكتاب مقسم إلى ثلاثة أقسام؛ القسم الأول بعنوان: الأحلام والعقيدة: وفيه استعرض نظرة المجتمعات البشرية للأحلام على مر العصور ابتداءً من فلاسفة اليونان وحتى تداخلها مع العقيدة الإسلامية، والقسم الثاني بعنوان: الآراء الحديثة للأحلام : وفيه رد المؤلف بشكل واضح على رأي فرويد في الأحلام والذي يعتبر الأحلام عبارة عن تنفيس لما يكمن في النفس البشرية ولا تستطيع التعبير عنه ضمن إطار الحياة اليومية، ويختتم بفصل ماتع بعنوان: العلم وخوارق الأحلام. ","العلوم الاجتماعية|الكتب المطبوعة","Arabic|English","bnr10024-1.pdf=الرابط المباشر 1  (للتحميل اضغط هنا)"
"bnr10025","الطفل الخامس","دوريس ليسنج","bnr","رواية - الطفل الخامس - للمؤلف : دوريس ليسنج ","المعارف العامة|الكتب المطبوعة","Arabic|English","bnr10025-1.pdf=الرابط المباشر 1  (للتحميل اضغط هنا)"
"bnr10026","الجزء الأول من التاريخ المسمى بعجائب الآثار في التراجم والأخبار","كاتب غير محدد","bnr","كتاب الجزء الأول من التاريخ المسمى بعجائب الآثار في التراجم والأخبار pdf تأليف العلامة الشيخ عبد الرحمن الجبرتي الحنفي، وهو من أفضل المصادر التاريخية المعاصرة التي سجلت الأحداث السياسية والاقتصادية والاجتماعية وتراجم المشاهير من العلماء والأمراء والأعيان ","التاريخ|الكتب المطبوعة","Arabic|English","bnr10026-1.pdf=الرابط المباشر 1  (للتحميل اضغط هنا)"
"bnr10027","تحليل البيانات واعداد التقارير باستخدام الاداة Power Pivot for Excel 2010","د. عبد العزيز السيد مصطفى","bnr","يتناول الكتاب الشرح التفصيلى كيفية استخدام الاداة الجديدة Power Pivot التى يمكن اضافتها لبرنامج الاكسيل 2010 ، وتوجد ضمن اكسيل 2013 وهى اداة تستخدم فى استيراد البيانات من قواعد البيانات المختلفة التى تستخدم فى التعامل مع كم هائل من الحقول والبيانات وكيفية تحليل هذه البيانات واعداد تقارير وخرائط محورية من هذه البيانات ","العلوم الكومبيوترية|الكتب المطبوعة","Arabic|English","bnr10027-1.pdf=الرابط المباشر 1  (للتحميل اضغط هنا)"
"bnr10028","أصل الأنواع","تشارلز داروين","bnr","أصل الأنواع كتاب من تأليف داروين صدر عام 1859م. يعتبر أحد الأعمال المؤثرة في العلم الحديث وإحدى ركائز علم الأحياء التطوري. عنوان الكتاب الكامل: &laquo;في أصل الأنواع عن طريق الانتقاء الطبيعي - أو بقاء الأعراق المفضلة في أثناء الكفاح من اجل الحياه&raquo;. يقدم فيه داروين نظريته القائلة أن الكائنات تتطور على مر الأجيال. أثار الكتاب جدلاً بسبب مناقضته الاعتقادات الدينية التي شكلت أساساً للنظريات البيولوجيه حينئذ. شكل كتاب داروين هذا عرضاً لنظريته التي اعتمد فيها على البراهين العلمية التي جمعها في رحلته البحرية في ثلاثينات القرن التاسع عشر وبحوثه وتجاربه منذ عودته من الرحلة.    كان الكتاب مثيراً للجدل وله أثار ونقاشات علميه وفلسفيه ودينيه. لقد تطورت نظريه النشوء والإرتقاء منذ عرضها داروين للمرة الأولى ولكن يبقى مبدأ الإنتخاب الطبيعي أوسع النماذج العلمية قبولاً لكيفية حصول ارتقاء الأنواع. رغم قبول نظرية النشوء والارتقاء الواسع في الأوساط العلمية إلا أن الجدل حولها لا يزال قائماً حتى يومنا هذا. الكتاب ما زال يقبل عليه القراء إلى اليوم - حتى لغير المختصين. وهذه هي النسخه المترجمه من الكتاب. ","الآداب|الكتب المطبوعة","Arabic|English","bnr10028-1.pdf=الرابط المباشر 1  (للتحميل اضغط هنا)"
"bnr1003","هاري بوتر والطفل الملعون","كاتب غير محدد","bnr","الآن ندخل في عالم لا يعترف بحدود الزمن، عالم يقبع في بحور السحر، حيث ستكون التغيرات سريعة بينما نثب بين العوالم، لا توجد مشاهد فردية هنا، بل هي قطع متناثرة تجتمع معاً لتظهر التطور المطرد عبر الزمن، نبدأ في داخل هوجورتس، في بهوها العظيم حيث يرقص الجميع حول ألبس. ","الروايات|الكتب المطبوعة","Arabic|English","bnr1003-1.pdf=الرابط المباشر 1  (للتحميل اضغط هنا)"
"bnr10030","القصص في السنة النبوية دروس وعبر","علي بن نايف الشحود","bnr","","الحديث الشريف|الكتب المطبوعة","Arabic|English","bnr10030-1.pdf=الرابط المباشر 1  (للتحميل اضغط هنا)|bnr10030-2.rar=الرابط المباشر 2  (للتحميل اضغط هنا)"
"bnr10032","خمسون مفكراً أساسياً معاصرا من البنيوية إلى ما بعد الحداثة","جون ليشته","bnr","كتاب خمسون مفكراً أساسياً معاصرا من البنيوية إلى ما بعد الحداثة pdf تأليف جون ليشته، يشمل كتاب خمسون مفكراً أساسياً معاصراً أهم الشخصيات التي أثّرت في فكر ما بعد الحرب. إنه مرشد القاريء في رحلته عبر البنيوية، والسيميائية، وما بعد الماركسية، وسجلات التاريخ إلى الحداثة وما بعد الحداثة. وهو بما يقدمه من سِيَر شاملة ومعلومات عن المصادر، يوفّر مرجعاً حيوياً لكل من يريد أن يفهم التاريخ الفكري في الخمسين سنة الأخيرة.   ","العلوم الاجتماعية|الكتب المطبوعة","Arabic|English","bnr10032-1.pdf=الرابط المباشر 1  (للتحميل اضغط هنا)"
"bnr10033","حقيقة الخلق و نظرية التطور","محمد فتح الله كولن","bnr","وصف كتاب حقيقة الخلق ونظرية التطور pdf تأليف(محمد فتح الله كولن) ","غير مصنف|الكتب المطبوعة","Arabic|English","bnr10033-1.pdf=الرابط المباشر 1  (للتحميل اضغط هنا)"
"bnr10034","هل العهد الجديد كلمة الله؟","منقذ بن محمود السقار","bnr","","العلوم الكومبيوترية|الكتب المطبوعة","Arabic|English","bnr10034-1.pdf=الرابط المباشر 1  (للتحميل اضغط هنا)"
"bnr10035","عمدة السالك وعدة الناسك ط الأوقاف القطرية","أحمد بن النقيب المصري أبو العباس","bnr","","غير مصنف|الكتب المطبوعة","Arabic|English","bnr10035-1.pdf=الرابط المباشر 1  (للتحميل اضغط هنا)|bnr10035-2.pdf=الرابط المباشر 2  (للتحميل اضغط هنا)"
"bnr10036","رحلتي من الكفر إلى الايمان قصة إسلام الكاتبة الأمريكية المهتدية مريم جميلة","د. محمد يحيى","bnr","","الديانات الأخرى|الكتب المطبوعة","Arabic|English","bnr10036-1.pdf=الرابط المباشر 1  (للتحميل اضغط هنا)"
"bnr10037","مشاريع العشر","محمد حسين يعقوب","bnr","","العلوم الاجتماعية|الكتب المطبوعة","Arabic|English","bnr10037-1.pdf=الرابط المباشر 1  (للتحميل اضغط هنا)"
"bnr10038","شعر عمرو بن معدي كرب الزبيدي","عمرو بن معدي كرب الزبيدي","bnr","","الآداب|الكتب المطبوعة","Arabic|English","bnr10038-1.pdf=الرابط المباشر 1  (للتحميل اضغط هنا)"
"bnr10039","التفسير والتأويل في القرآن","صلاح عبد الفتاح الخالدي","bnr","المقدمة  تمهيد التفسير الموضوعي ألوانه، وخطوات السير فيه   التفسير الموضوعي   ألوان التفسير الموضوعي الثلاثة   خطوات السير في التفسير الموضوعي   البدء بالتفسير والتأويل في القرآن  الفصل الأول التفسير والتأويل في اللغة والاصطلاح   المبحث الأول: التفسير في اللغة والاصطلاح   التفسير في اللغة   بين الفسر والسفر   تعريف «تفسير القرآن»   المبحث الثاني: التأويل في اللغة والاصطلاح   التأويل في اللغة   بين الأول والوأل   التأويل في الاصطلاح   معنيان للتأويل عند السلف   الفرق بين هذين المعنيين  الفصل الثاني التفسير والتأويل في الأسلوب القرآني   المبحث الأول: التفسير في الأسلوب القرآني   المبحث الثاني: التأويل في الأسلوب القرآني   المطلب الأول: مع التأويل في سورة يوسف   المطلب الثاني: مع التأويل في سورة الكهف   المطلب الثالث: مع التأويل في سورة الأعراف   المطلب الرابع: مع التأويل في سورة يونس   المطلب الخامس: مع التأويل في سورة الإسراء   المطلب السادس: مع التأويل في سورة النساء   المطلب السابع: مع التأويل في سورة آل عمران  الفصل الثالث التأويل في كلام الرسول وأصحابه   المبحث الأول: التأويل في الحديث النبوي   المطلب الأول: تأويل الرؤيا وتعبيرها   المطلب الثاني: التأويل بمعني الفهم والتفسير   المطلب الثالث: كيف كان رسول الله يتأول القرآن؟   المبحث الثاني: كيف كان الصحابة يتأولون القرآن؟  الفصل الرابع الفرق بين التفسير والتأويل   الفرق بين التفسير والتأويل   أشهر الأقوال في الفرق بين التفسير والتأويل   الراجح في الفرق بين التفسير والتأويل   المرحلة الأولي تفسير القرآن   المرحلة الثانية تأويل القرآن   وجوب تحقق التفسير والتأويل معا   الدليل علي هذه المرحلية   مع فهم الطبري للتأويل   التأويل بمعني الصرف والتحويل  الخاتمة ","الإسلام|الكتب المطبوعة","Arabic|English","bnr10039-1.pdf=الرابط المباشر 1  (للتحميل اضغط هنا)"
"bnr1004","فكر تصبح غنيا","نابليون هيل","bnr","يعد هذا الكتاب الأكثر تأثيراً في مجال التوجيه نحو تحقيق الإنجازات الشخصية والاستقلالية المالية، وأخيراً نحو الفن الروحي الذي لا يقاس بالمال. ويضم هذا الكتاب المعادلات التي تقود إلى النجاح للأشخاص الذين يرغبون بقوة في جمع المال والحصول على الرضى والغنى الروحيين الذين تحققهما الإنجازات والمكاسب. وإن كنت ممن ينشدون النصيحة في هذا المجال فإن هذا الكتاب يعلمك ماذا تفعل؟ وكيف تفعله؟ وسوف تجد فيه سحر التوجه الذاتي والتخطيط المنظم وخطط تفصيلية لتسويق خدماتك الشخصية والكثير من النصائح المستمدة من خبرات رجال عظام أثبتوا قيمتها. ","العلوم الاجتماعية|الكتب المطبوعة","Arabic|English","bnr1004-1.pdf=الرابط المباشر 1  (للتحميل اضغط هنا)"
"bnr10040","كونى كالزهزة -","دعاء عبدالرحمن","bnr","","العلوم الاجتماعية|الكتب المطبوعة","Arabic|English","bnr10040-1.pdf=الرابط المباشر 1  (للتحميل اضغط هنا)"
"bnr10041","قصة أصحاب الجنة","مصطفى العدوي","bnr","كتاب - قصة أصحاب الجنة - للمؤلف : مصطفى العدوي ","القرآن الكريم|الكتب المطبوعة","Arabic|English","bnr10041-1.pdf=الرابط المباشر 1  (للتحميل اضغط هنا)"
"bnr10042","لغة SQL للمبتدئين","الجامعة الافتراضية السورية/std:m.kaddar","bnr","كتاب اكاديمي يعلم لغة sql    بطريقة سهلة وممتعة. ","العلوم الكومبيوترية|الكتب المطبوعة","Arabic|English","bnr10042-1.pdf=الرابط المباشر 1  (للتحميل اضغط هنا)"
"bnr10043","الكنز الثمين في سؤالات ابن سنيد لابن عثيمين","فهد بن عبد الله بن إبراهيم السنيد","bnr","مقدمة  تفسير القرآن وغير ذلك   السؤال (1): ما هو إعراب «كلمة» في قوله تعالى: {كبرت كلمة}؟   السؤال (2): قوله تعالى: {إنما النجوى من الشيطان ليحزن الذين آمنوا} ما هو إعراب «الذين»؟   السؤال (3): ما تفسير قوله تعالى: {والشفع والوتر}؟   السؤال (4): إذا قلنا: إن قوله تعالى: {عاملة ناصبة} في يوم القيامة، فما هو المعنى على هذا التفسير؟   السؤال (5): قوله تعالى: {الذي يصلى النار الكبرى} مفهوم الآية أن هناك نارا صغرى، وذكرتم في شرح العقيدة الواسطية أن النار نار واحدة، فما الجواب عن الآية؟   السؤال (6): ما هي صحف موسى المذكورة في قوله تعالى: {صحف إبراهيم وموسى}.   السؤال (7): ما هو تفسير قوله تعالى: {أولم يروا أنا خلقنا لهم مما عملت أيدينا أنعاما فهم لها مالكون}.   السؤال (8): ما معنى قوله تعالى: {عدوا بغير علم}؟   السؤال (9): يقول بعض العلماء: إن الخوف على المال والولد لا يبيح التقية مستدلا على ذلك بوجوب الهجرة فما رأيكم؟   السؤال (10): هل يجوز كتابة أي شيء على حواشي المصحف كما يقع في مصاحف الصغار؟   السؤال (11): سألته رحمه الله: لو وضع الإنسان معاني بعض الكلمات أو كتب بعض القراءات على الحاشية؟   السؤال (12): ما حكم سماع القران والإنسان مشغول؟   السؤال (13): ما حكم استماع القرآن من البعض دون البعض الآخر؟   السؤال (14): ما حكم وضع الآيات عند افتتاح الدكان مثلا كآية التوبة {وقل اعملوا فسيرى الله عملكم. . . .} وآية الفتح {إنا فتحنا لك فتحا مبينا}؟   السؤال (15): ما حكم وضع وليمة عند حفظ القرآن؟   السؤال (16): ما حكم التحرك عند قراءة القرآن بلا قصد؟   السؤال (17): ما حكم فتح أوراق المصحف ببل الأصبع؟   السؤال (18): ما معنى قوله تعالى: {والذين هم به مشركون}؟   السؤال (19): هل نقول: إن سورتي الأنفال والتوبة سورة واحدة لأنه لم تنزل بينهما بسملة؟   السؤال (20): ما حكم ترتيل الحديث كالقرآن؟   السؤال (21): كيف نجمع بين قوله تعالى: {ادعوهم لآبائهم} وقوله صلى الله عليه وسلم: «من أحب أن يقرأ القرآن غضا كما أنزل فليقرأ على قراءة ابن أم عبد»، وكذلك قولهم: زينب بنت أم سلمه ومحمد ابن الحنيفة؟  الحديث النبوي   السؤال (22): ما هو الجمع بين قوله صلى الله عليه وسلم: «لكل نبي حواري» وقوله: «يأتي النبي وليس معه أحد»؟   السؤال (23): ما هو الجمع بين قوله صلى الله عليه وسلم: «فإن الشيطان يبيت على خيشومه» وقوله صلى الله عليه وسلم: «من قرأ آية الكرسي في ليلة لم يقربه شيطان حتى يصبح»، وقوله صلى الله عليه وسلم: «من ذكر الله عند دخوله وطعامه يقول الشيطان: لا مبيت لكم ولا عشاء»؟   السؤال (24): قوله صلى الله عليه وسلم: «اتقوا اللعانين» هل يفيد لعن المتخلي بعينه؟   السؤال (25): قول الرسول صلى الله عليه وسلم: «آية المنافق ثلاث. . .» الحديث، هل هو نفاق عملي؟ وما معنى قوله: «كان منافقا خالصا»؟   السؤال (26): ما الجمع بين هذه الأحاديث: «الإسلام يهدم ما كان قبله»، و «إذا أسلم العبد فحسن إسلامه. . . .»، وحديث «أخذ بالأول والآخر»؟   السؤال (27): ما المراد بالقرب في قوله صلى الله عليه وسلم: «أقرب ما يكون العبد من ربه وهو ساجد».   السؤال (28): ما هو الجمع بين حديث عائشة رضي الله عنها في عدد المصلين على الجنازة وهو مائة وحديث ابن عباس رضي الله عنها وهو أربعون، هل نقول: إن في الأربعين وصف عدم الإشراك بالله شيئا، ولهذا اكتفي بالأربعين ومع تخلف هذا الوصف لابد من مائة؟   السؤال (29): وسألته رحمه الله: عن الجمع بين أحاديث التسمية عند الوضوء وحديث أن الرسول صلى الله عليه وسلم سلم عليه رجل فلم يرد عليه حتى تطهر، وكذا حديث: «إني كرهت أن أذكر الله إلا على طهر»؟  العقيدة وحكم بعض الألفاظ   السؤال (30): ما حكم قولهم: «وامعتصماه!»؟   السؤال (31): يقال: إن أسماء الله الـ] 99] موجودة في الكفين، حيث إن أحد الكفين موجود فيه] 81] والآخر] 18] فهل هذا صحيح؟   السؤال (32): ما حكم عبارة يقولها ابن القيم: «سقط من عين الله»؟   السؤال (33): ما حكم قولنا لشخص: إنه «أهل الثناء»؟   السؤال (34): عبارة يقولها بعض الناس، وهى قولهم «ما له رب»؟   السؤال (35): يقول ابن القيم في «إعلام الموقعين» في حق الصحابة الذين صلوا العصر في بني قريظة: إنهم سلف أهل الظاهر. فهل في هذه العبارة شيء؟   السؤال (36): ما حكم قول بعضهم: «يا إلهي أنت جاهي. . .»؟   السؤال (37): إذا سئل إنسان عما يحفظ من المتون، فهل له أن يقول: «أحفظ القرآن»؟   السؤال (38): ما حكم قول العامة: عزيز، دحيم؟   السؤال (39): ما حكم التسمية ب (جار الله، رفيق الله)؟   السؤال (40): هل التوراة كلام الله؟   السؤال (41): قول مالك: إن الإيمان يزيد ولا ينقص، هل هو تأدبا مع النصوص أو عقيدة يعتقدها رحمه الله؟   السؤال (42): مقالة شيخ الإسلام في المأمون: «لا أظن الله يغفل المأمون» هل هي من التألي؟ وأين قال الشيخ هذه المقالة؟   السؤال (43): وسألته مرة أخرى عن مقالة شيخ الإسلام؟   السؤال (44): حكم قول بعضهم لم يكن التاريخ حاكما عادلا؟   السؤال (45): وسألت الشيخ رحمه الله عن قول بعضهم في مالك: «فمن قاسه بالشمس يبخسه حقه»؟   السؤال (46): يقول الناس: هلك فلان أو فلان الهالك على جهة الذم فهل هذا صحيح؟   السؤال (47): وسألته عن قول السفاريني في كتابه لوامع الأنوار البهية (1/ 1): «تنزهت عن سمات الحدوث صفاته»؟   السؤال (48): ما حكم السؤال بجاه الله؟   السؤال (49): ما حكم قول بعضهم: السيدة عائشة؟   السؤال (50): ما حكم قول العامة: «عز الله»؟   السؤال (51): ما حكم عبارة «الله غني عن التعريف» و «طالما إن الله موجود. . . .»؟   السؤال (52): وسألته رحمه الله عن قول السفاريني في كتابه «غذاء الألباب» (1/ 426)   السؤال (53): ما حكم قول العامة لمن قدم له قريب: «قرت عينك» ورده عليهم: «برؤية نبيك»؟   السؤال (54): وقع في كتيب صغير باسم «أقسام التوحيد»] وهو عبارة عن سؤال موجه للشيخ رحمه الله في نور على الدرب [: الشرك الصغير والكبير، فهل هذا من تعبيركم؟   السؤال (55): سئلتم عما يقرأ الإمام على جماعته من الكتب فذكرتم أنه يجمع بين كتب الأحكام وكتب الوعظ؛ لأن كتب الأحكام جافة، أليس في كلمة جافة شيء؟   السؤال (56): ما حكم فك السحر بالسحر؟   السؤال (57): وقع في شرحكم لكتاب التوحيد المطبوع (1/ 94) عند ذكر العين قولكم: يقولون لإبطال العين أن يصلي على العائن صلاة الجنازة؛ فما صحة ذلك؟   السؤال (58): ما الفرق بين دعاء صفة من صفات الله وبين الحلف بالصفة، والحديث الذي فيه: «برحمتك أستغيث»؟   السؤال (59): هل نقول: إن بعض أسماء الله وصفاته أكمل من بقية الأسماء أم لا؟   السؤال (60): يقول شيخ الإسلام في الحموية وهو يتكلم عن صفات الله: بما وصف به نفسه أو وصفه به رسوله بما وصفه السابقون الأولون، فهل السابقون الأولون يستقلون بوصف الله بصفة من الصفات؟   السؤال (61): نقل لي بعضهم أنك تنكر قول من يقول إذا قيل له: تفضل مثلا: لا جزاك الله خيرا، فهل هذا صحيح؟   السؤال (62): إذا قال قائل: وكان الفضل الأول لفلان، يعني: بعض مشايخه، فهل هذا جائز؟   السؤال (63): إذا كتبت مثلا فلان العزيز أو الكريم ثم أردت إتلاف هذه الورقة، فهل يلزمني محو (العزيز والكريم): لأنهما من أسماء الله؟   السؤال (64): سمعتكم في بعض الدروس تقولون: إن الرسول طب القلوب والأبدان أليس في العبارة محذور؟   السؤال (65): من العلماء من يقول: إن أبوي النبي صلى الله عليه وسلم وابن جدعان بلغتهم دعوة أبينا إبراهيم عليه السلام فما صحة ذلك؟   السؤال (66): ما حكم قوله «شاءت أقدار الله» و «شاءت حكمة الله» والأخير وقع في كلام ابن القيم في احد كتبه؟   السؤال (67): ما حم قول العامة: بصلاة أمك وأبوك؟   السؤال (68): ما حكم ما يفعله بعض الناس من ذبح ديك ومسح عتبة الباب بدمه، وكذا وضع ملح بدعوى منع الجن؟   السؤال (69): هل تثبت صفة الشم لله؟   السؤال (70): ما حكم قولهم: «سبحان اللي (الذي) يغير ولا يتغير»؟   السؤال (71): ما حكم قولنا في الرسول صلى الله عليه وسلم: «طب القلوب والأبدان»؟   السؤال (72): ما حكم قول القائل  لكم خالص حبي  أو خالص شكري؟   السؤال (73): سألته هل يمكن للكافر أن يخلص في عبادته؟   السؤال (74): سألت شيخنا ابن عثيمين عن حكم قول: ظلم ربه؟  الطهارة   السؤال (75): هل يطهر جلد غير مأكول اللحم بالدباغ؟   السؤال (76): لو انغمس محدث حدثا أصغر في ماء ناويا رفع حدثه فهل يرتفع؟   السؤال (77): ما حكم خروج الريح من قبلي الرجل والمرأة؟   السؤال (78): ما حكم الكلام في الحمام حال الوضوء؟   السؤال (79): إذا كان الغلام الذكر يرضع لبنا صناعيا فهل ينضح بوله؟   السؤال (80): ما هي كيفية المسح على الخفين؟   السؤال (81): هل الأفضل أن سأل عن اللحم لاحتمال كونه جزورا أولا أسأل؟   السؤال (82): ما حكم إذا قطع الوضوء قبل أن ينتهي منه؟   السؤال (83): إذا لم يستطع الإنسان أن يتوضأ بنفسه فهل يوضئه غيره أو يتيمم؟   السؤال (84): هل يتيمم إذا دخل الوقت وهو يؤمل وجود الماء لو مشى قليلا؟   السؤال (85): ما حكم إنشاء الوضوء في وقت النهي ثم الصلاة بعده؟   السؤال (86): هل يجوز الاغتسال في الماء الراكد للتبرد؟   السؤال (87): إذا كان يشق التحرز من الأسد ونحوه فهل يلحق بالهرة؟   السؤال (88): إذا وقع البول في الأرض الصلبة فهل يكاثر عليه الماء كالأرض الرخوة أم ماذا؟   السؤال (89): هل الوضوء الذي يكون مع غسل الجنابة يرفع الحدث الأصغر؟   السؤال (90): هل يجوز تطهير الدهن بالمكاثرة؟   السؤال (91): إذا اغتسل من عليه جنابة وعلى جسمه لزقة لا يضره إزالتها وصلى بذلك الغسل فماذا عليه؟   السؤال (92): قول الفقهاء: إن من حدثه دائم لا ينوى رفع الحدث وإنما ينوى استباحة الصلاة هل هذا صحيح؟   السؤال (93): هل الكيفية الواردة في مسح الرأس في حيث عبد الله بن زيدا واجبة؛ لأنها طريق للاستيعاب وخاصة في الشعر الكثيف؟   السؤال (94): ما حكم مسح الأذنين في الوضوء؟   السؤال (95): إذا لبس العمامة وظهر شيء من رأسه هل يجب مسحه؟ وهل يجب عليه إظهار الناصية؟   السؤال (96): إذا رد الشعر النازل عن محل الفرض فجعله على الرأس فهل يجوز أن يمسح عليه؟   السؤال (97): الحق الفقهاء بمدافعة الأخبثين الريح فكيف يتصور ذلك؟   السؤال (98): قول شيخ الإسلام رحمه الله: «إذا أجنب وخاف إن اغتسل شط فيه» فإنه يتيمم هل هو وجيه؟   السؤال (99): في حديث عمرو بن عبسة قول النبي صلى الله عليه وسلم: «ثم يمسح برأسه إلا خرت خطاياه رأسه من أطراف شعره مع الماء» فهل يؤخذ من هذا استحباب غسل الرأس كبقية الأعضاء خاصة أنه لا يمكن حمل الحديث على التغليب؟   السؤال (100): إنسان أكل لحم جذور ثم توضأ ثم إنه بلع ما بين أسنانه فهل تنتقض طهارته؟   السؤال (101): ما حكم التسمية في الخلاء إذا أراد الوضوء؟   السؤال (102): ذكرتم أن مباشرة غسل أعضاء الغير محرمة فهل هذا صحيح؟   السؤال (103): هل يمكن أن يمسح على جبيرة وعلى خف كأن تكون الجبيرة في رجله اليمنى والخف في اليسرى؟   السؤال (104): قلتم: يمسح على كل ما يسمى خفا، فهل يدخل في عموم كلامكم الكندرة التي تكون عادة دون الكعبين؟   السؤال (105): لو مسح مقيم ثم سافر فهل يتم مسح مسافر؟   السؤال (106): ما هو القول الراجح في العمامة من جهة التوقيت؟   السؤال (107): كيف تمسح وهل يجب أن يمسح ما ظهر من الرأس وكذا الأذنين؟   السؤال (108): وسألته عن الوضوء للغضب إذا قلنا: إنه يرفع الحدث، فلماذا لا نقول: إن الغسل للجمعة يرفع حدث الجنابة؛ لأن كليهما تطهر مشروع؟   السؤال (109) هل يمسح على الربطة إذا ربطها على ألم من المفصل مثلا ولا يضره وصول الماء إلى مكان الألم لكن قال له الطبيب: أبق الربطة أسبوعا مثلا؟   السؤال (110): هل يقال ذكر دخول الخلاء والخروج منه إذا دخل لغير قضاء الحاجة؟   السؤال (111): إذا كان الطفل صغيرا هل تلقنه أمه ذكر دخول الخلاء أم تقوله هي بنفسها؟   السؤال (112): ما حكم ما تراه الحامل من الدم؟ وما حكم إذا سقط الجنين؟   السؤال (113): لكن ما حكم إذا رأت الدم في الشهر الرابع، ثم سقط الجنين وقال الأطباء: إن الجنين ميت لما كان عمره ثلاثة أسابيع فهل تقضى الصلوات التي تركتها بناء على أنه كان حيا وسقط بعد التخلق؟   السؤال (114): ما حكم السؤال عن اللحم المقدم للأكل هل هو لحم جزور أم لا؟   السؤال (115): إذا تيمم ثم لبس جوربيه فهل له أن يمسح عليهما؟   السؤال (116): ثبت في الصحيح أن الرسول صلى الله عليه وسلم قال لمن جامع زوجته ولم ينزل  اغسل ذكرك وما أصابك منها أفلا يدل هذا على نجاسة رطوبة فرج المرأة؟   السؤال (117): شخص على يده بوية وأزال ما استطاع وعجز عن شيء منها فماذا يفعل؟  الحيض والنفاس   السؤال (118): هل مجرد النقاء طهر في النفاس؟ وما حكمه إذا طال؟   السؤال (119): إذا زاد الدم على المرأة أكثر من خمسة عشر يوما فما حكمه؟   السؤال (120): إذا رأت المرأة صفرة أو كدرة في موعد دورتها فهل تعتبره حيضا؟   السؤال (121): انقطع عن امرأة الدم شهران على أنها حامل، ثم خرج منها دم كثير فما حكم هذا الدم؟ علما أنه تبين أنه ليس بحمل؟   السؤال (122): إذا أصاب امرأة دم فظنت أنه حيض فتركت الصلاة، ثم بعد السؤال تبين لها أنه دم استحاضة فهل تقضى الصلوات بوضوء واحد؟   السؤال (123): ما حكم نزول الصفرة والكدرة وخاصة إذا كانت قريبة من دورتها الشهرية أو في أيام دورتها؟   السؤال (124): إذا أسقطت امرأة ما في بطنها قبل تخلق الجنين، فإنها تصلى وتصوم كما هو معلوم، ولكن ما الحكم إذا وافق هذا الدم الدورة الشهرية؟   السؤال (125): ما حكم الدم الذي تراه الحامل قبل الولادة وهل تمسك عن الصلاة إذا رأت دما؟  الصلاة   السؤال (126): وسألته رحمه الله: ما المراد بالساعة في قوله صلى الله عليه وسلم: من راح في الساعة الأولى يوم الجمعة كان كمن قدم بدنة. . .» الحديث؟   السؤال (127): أطلق الشارع على الصلاة التسبيح فهل يكون التسبيح ركنا فيها؟   السؤال (128): ما حكم من أصيب بغيبوبة طويلة فهل يقضى الصلاة والصوم؟   السؤال (129): ما المراد بطهارة البقعة التي يصلى عليها المصلى؟   السؤال (130): ما المراد بالثوب الشفاف الذي لا تجوز الصلاة فيه؟   السؤال (131): من له زوجة في بلد هل يتم أو يقصر؟   السؤال (132): هل يجوز جمع التقديم بين الظهر والعصر أو المغرب والعشاء مع جزمه بأنه سيصل بلده قبل دخول وقت الثانية؟   السؤال (133): إذا زاد ذكرا مشروعا في غير محله كأن قرأ سورة قصيرة بعد الفاتحة في الركعة الأخيرة من المغرب أو الركعتين الأخيرتين من الرباعية فهل يسجد للسهو، وكذلك لو صلى على النبي صلى الله عليه وسلم في التشهد الأول؟   السؤال (134): ما حكم نسيان سجود السهو؟   السؤال (135): ما حكم من وضع يدا وحدة على خاصرته في الصلاة؟   السؤال (136): ما حكم وضع المدخنة أو الدفاية أمام المصلين؟   السؤال (137): ما الحكم إذا ترك المأموم سجدة التلاوة مع إمامه؟   السؤال (138): ما هو الدوران في المنارة؟   السؤال (139): إذا كان المسافر يعلم أنه سيمكث ثلاثة أيام مثلا فهل يقصر على قول الجمهور؟   السؤال (140): ما حكم صلاة الجزارين وأصحاب البويات؟   السؤال (141): ما حكم البصاق في المنديل وهو متجه للقبلة في الصلاة؟   السؤال (142): هل النهى عن البصاق في القبلة عام أم خاص بالصلاة؟   السؤال (143): ما حكم الزيادة على التسبيح ونحوه من الأذكار التي بعد الصلاة؟   السؤال (144): إذا خشي من رد المرأة حين مرورها وهو يصلى أن يقع في فتنة فهل له تركها؟   السؤال (145): إذا أتم المسافر خلف الإمام المقيم فهل يصلي السنة الراتبة البعدية إذا كان لها سنة راتبة؟   السؤال (146): ما حكم الصلاة في الكنيسة؟   السؤال (147): ما حكم الاجتماع للتعزية؟   السؤال (148): ما الجمع بين قوله صلى الله عليه وسلم: «إن الله ينور قبورهم بصلاتي عليهم»   السؤال (149): ما المراد بالشيطان الذي يهرب وله ضراط إذا سمع التأذين؟   السؤال (150): ما حكم من صلى قصرا ثم تذكر أن الواجب في حقه الإتمام فهل يبني أو يستأنف من جديد؟   السؤال (151): هل يتعدد القيراط بتعدد الجنائز؟   السؤال (152): ما حكم تأمين المأمومين في خطبة الجمعة؟   السؤال (153): ما حكم رفع اليدين للدعاء في المقبرة؟   السؤال (154): بعض الناس يدخل المسجد بعد أذان صلاة الفجر فيصلى أربع ركعات؛ ركعتين تحية المسجد وركعتين راتبة الفجر، فما حكم ذلك؟   السؤال (155): متى يكون مدركا تكبيرة الإحرام؟   السؤال (156): قوم مسافرون عزموا على تأخير صلاة الظهر إلى العصر جمعا ثم وصلوا مطار الرياض وهم من أهل الرياض فهل يقصرون ويجمعون في المطار؟   السؤال (157): هل الذي تفوته دائما بعض الصلاة يأثم؟   السؤال (158): ما حكم لبس المرأة النقاب في الصلاة؟   السؤال (159): هل يحتسب المسبوق بالركعة الزائدة؟   السؤال (160): هل يتابع المسبوق بركعة الإمام إذا قام إلى ثالثة في فجر مع أن المأموم قد سمع الإمام وهو يجهر بالفاتحة؟   السؤال (161): إذا صلى الإمام خمسا في رباعية فلما سلم نبه فسجد للسهو فهل يتابعه المسبوق بركعة في هذا السجود مع أن صلاته تامة؟   السؤال (162): هل يصدق على من أوتر بعد العشاء وراتبتها أنه قام الليل؟   السؤال (163): ما حكم من قام إلى ثالثة في ليل وهو يريد أن يوتر (أي أن هذا الشفع الذي قام فيه هو آخر شفع) فهل يستمر أم يرجع مع أنه جلس للتشهد في الثانية؟   السؤال (164): إذا دخل وقت الصلاة في الطائرة فهل يصلى بالإيماء أم يؤخرها؟   السؤال (165): إذا أخر جماعة أذان العشاء مثلا لخروجهم في نزهة ونحو ذلك فهل يدخل وقت سنة مابين الأذانين إذا دخل وقت العشاء أو لا يدخل وقتها حتى يؤذنوا؟   السؤال (166): ما حكم قضاء راتبة الفجر بعد مدة من أداء صلاة الفريضة؟   السؤال (167): قلتم - حفظكم الله -: إن المريض الذي يرجى برؤه يؤخر لعله يبرأ فيصلى الجمعة مع الإمام ولا يبادر فيصلى الظهر، فما تقولون في العادم للماء، هل ينتظر لعله يجد الماء أو يصلى بالتيمم في أول الوقت؟   السؤال (168): إذا تبين أن القبلة إلى جهة اليمين أو الشمال قليلا ولكن الصفوف التي خلف الإمام لا يمكن أن تغير اتجاهها؛ لأنها في المسجد، فهل للإمام أن يتجه للقبلة الصحيحة أم يبقى على الجهة الأولى تبعا للمأمومين؟   السؤال (169): ما حكم إذا تذكر صلاة فائتة وهو في صلاة؟   السؤال (170) فصل الفقهاء في ترك التشهد الأول فما ترون حفظكم الله؟   السؤال (171): هل يتابع المأموم الإمام في سجود السهو بعد السلام وهو عليه قضاء؟   السؤال (172) إذا شك إنسان في صلاته فلم يدر كم صلى ثلاثا أم أربعا وكان من عادته أن يصلى الرباعية في ست دقائق مثلا فهل له أن ينظر في الساعة؟   السؤال (173): إذا صلى رباعية خلف إمام يصلى المغرب فهل إذا جلس الإمام للتشهد الأخير ينوى المفارقة أم يتابعه؟   السؤال (174): هل قيام ما قرب من آخر الليل أفضل من قيام أول الليل؟   السؤال (175): إذا نسي سجود السهو فما الحكم علما بأن شيخ لإسلام يرى أنه لا   السؤال (176): إذا فاتت شخصا صلاة الجماعة فهل الأفضل له الصلاة في المسجد أم في البيت؟   السؤال (177): هل الأفضل المبادرة إلى الصلاة أم الاشتغال بالعلم إلى حين الإقامة؟   السؤال (178): ما حكم لو أوتر بثلاث كمغرب؟   السؤال (179): متى يقضى الوتر إذا فات؟   السؤال (180): إذا فاتت أحدا الصلاة مع الجماعة فهل يجب عليه أن يصلى مع الجماعة الثانية، وكذا لو كان في رحله هل يجب عليه أن يصلى مع الجماعة؟   السؤال (181): وسألته عن فتواه في عدم مشروعية الذهاب إلى المصاب بميت في بيته؟   السؤال (182): ما معنى قول الرسول صلى الله عليه وسلم: «من نام عن حزبه. . . .» الحديث؟   السؤال (183): وسألته عن مقالة نقلها صاحب «الفروع» (1/ 533) عن ابن عقيل في التفاضل بين الأعمال وهى قوله: «لا يقع لهم (أي: الناس) أن العمل سوى ركعات يتنفل بها الإنسان في جوف الليل، تلك عبادة الكسالى العجزة»؟   السؤال (184): هل يعيد الصلاة من صلى إلى غير القبلة ساهيا؟   السؤال (185): هل لمن كان في الحضر أن يجتهد في القبلة؟   السؤال (186): إذا وقع الكسوف في ساعة متأخرة من الليل فهل يلزم الإنسان بالصلاة، وإذا حصل للزوجة روعة من ذلك فأبت على زوجها الذهاب فه لله ذلك؟   السؤال (187): كيف أنكر على من يبيع والإمام يخطب يوم الجمعة؟   السؤال (188): ما حكم تخطى الرقاب بعد صلاة الجمعة؟   السؤال (189): ما حكم الانحراف عن القبلة قليلا مع تيقنها بالبوصلة؟   السؤال (190): معلوم أن الرواتب أوكد من صلاة الضحى ونحوها ومع ذلك تترك في السفر أفلا يدل ذلك على ترك ما هو دونها في الأوكدية؟   السؤال (191): معلوم أنه إذا وافق يوم العيد يوم الجمعة سقطت الجمعة عمن صلى العيد، لكن هل يجوز أن يصلى الظهر منفردا أو يجب عليه أن يصلي جماعة فإن لم يجد صلى جمعة؟   السؤال (192): هل ينعقد النفل في وقت النهي مع الجهل؟   السؤال (193): إذا دخل وقت النهى وهو في نافلة فما حكم ذلك؟   السؤال (194): إذا نذر صلاة في وقت النهى فما الحكم؟   السؤال (195): يدعو بعض الأئمة بقوله: «اللهم نجنا من ضمة القبر»، فما حكم هذا الدعاء؟   السؤال (196): هل تجوز الصلاة على القبر في وقت النهي؟   السؤال (197): إذا تكرر تلاوة آية فيها سجدة فما حكم ذلك؟   السؤال (198): إذا كان يصلى في مصلى أربعة فروض في اليوم الواحد فهل يعطى حكم المسجد؟   السؤال (199): إذا قام من يعظ بعد الصلاة مباشرة أو قرأ الإمام من كتاب فهل تسقط أذكار الصلاة أو له أن يقولها بعد ذلك وإن طالت الموعظة؟   السؤال (200): إذا امتلأ المسجد الحرام بالمصلين حتى جلس الناس صفوفا في المسعى ثم دخل في المسعى فهل يصلى تحية المسجد بحجة اتصال الصفوف وأن من في المسعى حكم من في المسجد؟   السؤال (201): إذا ترك الإمام التشهد الأول واستتم قائما وقلنا: لا يرجع وإن لم يقرأ الفاتحة فهل يسبح المأموم ليعلمه أنه ترك واجبا أم لا؟   السؤال (202): ذكر صاحب «كشاف القناع» (1/ 354) أثرا عن ابن عباس أن من قام إلى الركعة الثانية أو الرابعة ثم قدم رجله أن صلاته تبطل، فما رأيكم بهذا الأثر؟   السؤال (203): إذا أراد الإنسان سفرا بالطائرة فهل له أن يجمع بين الظهرين في الحضر؟   السؤال (204): هل للمأموم أن يتأخر بعد سلام إمامه ليدعو؟   السؤال (205): وسألته عن رجل صلى على جنين عمره أربعة أشهر ونصف، ثم دفنه في أرض طيبة؟   السؤال (206): ما حكم ترتيل بعض الخطباء للآية في الخطبة؟   السؤال (207): ما حكم المعانقة في الأعياد وفي التعزية؟   السؤال (208): صلى مسافر ركعتين خلف مقيم ولم يصل أربعا فما الحكم عند الإعادة هل يصلي أربعا أو اثنتين؟   السؤال (209): إذا تبايع رجلان بعد نداء الجمعة الثاني فإن البيع لا يصلح؛ وذلك لأن النهي عائد إلى نفس المعاملة وقلنا بصحة إمامة من أم الناس بلا إذن الإمام أو عذره مع أن النهي عائد إلى ذات الإمامة فما هو الفرق؟   السؤال (210): يقول بعض العلماء إن الخمرة التي يصلى عليها تكون قدر الوجه أفلا يكون فيه تشبها بالرافضة؟   السؤال (211): إذا دخل المأموم والإمام راكع فكبر تكبيرة نوى بها الإحرام والركوع فهل يصح؟   السؤال (212): وإذا كبر ولم ينو شيئا؟   السؤال (213): يقول بعض الفقهاء: لا يقصد المسجد لإعادة الجماعة ولو صلى وحده فهل هذا صحيح؟   السؤال (214): يقول الفقهاء الحنابلة وكذا الشافعية: إن المأموم إذا أدرك الإمام في غير الركوع فإنه يكبر للإحرام ثم ينحط بلا تكبير فما رأيكم؟   السؤال (215): هل يجوز أن يذهب إلى مسجد قباء ليصلي في وقت النهي؟   السؤال (216): يرى شيخ الإسلام أن سجدة التلاوة ليست بصلاة؛ ثم إذا ذكر أوقات النهى يذكر أنه يجوز فعل ذوات الأسباب في أوقات النهي ويذكر معها سجدة التلاوة، فما هو الجمع بين قوليه؟   السؤال (217): إذا صلى العشاء قصرا ووصل إلى بلده قبل خروج وقت العشاء فهل يصلي راتبة العشاء؟   السؤال (218): هل نقول أن كل من تعمد مبطلا في الصلاة فقد أتى كبيرة قياسا على مسابقة الإمام؟   السؤال (219): ما المراد بقول الفقهاء في باب الإمامة: «وحر أولى من عبد» مع قولهم قبل ذلك: «ثم من قرع»؟   السؤال (220): ما العمل إذا علم المأموم بحدث إمامه أثناء الصلاة؟   السؤال (221): هل يصلي في وقت النهى من صلى الصلاة في جماعة مع غيره لتحصل للثاني جماعة؟   السؤال (222): قول الفقهاء إذا ترك الإمام ما يعتقده واجبا وحده عمدا: بطلت صلاتهما، هل هذا صحيح؟   السؤال (223): ما حكم ضرب من يعبث في الصلاة من الأطفال أثناء الصلاة؟   السؤال (224): إذا كانت المرأة قارئة والرجل أميا فهل تؤمه في الصلاة؟   السؤال (225): ثبت في الصحيح أن النبي صلى الله عليه وسلم صلى بأصحابه الفريضة في بيته عندما سقط من فرسه فما وجه هذا الحديث؟   السؤال (226): ما حكم إذا شك وهو في التشهد الأخير هل هذا التشهد للشفع أم للوتر، وهو من عادته الفصل بين الشفع والوتر؟   السؤال (227): ما حكم إمامة من عدم الماء والتراب؟   السؤال (228) هل تلحق صلاة الراتبة في مكتب (العمل) وبيت القريب بصلاته في بيته؟   السؤال (229): هل الصف الأول من الدور الثاني والسطح في المسجد الحرام مثل الصف الأول تحته أم هناك فرق؟   السؤال (230): إذا كان أكثر الجماعة يكرهون إمامهم بحق إلا أن هذا المسجد يصلي فيه غير الجماعة الراتبة، فهل العبرة بكراهة الجماعة الراتبة أو بمجموع من في المسجد؟   السؤال (231) ما حكم لو صلى شخص الفجر خلف من يصلي صلاة الاستسقاء وكذا صلاة الكسوف؟   السؤال (232): إذا أحرم الإمام أو المأموم بصلاة حاضرة ثم تذكر أن عليه صلاة فائتة فما يفعل؟   السؤال (233): إذا لحن الإمام في الفاتحة لحنا يحيل المعنى ولم يصلحه فما الحكم؟ وإذا أصلحه فهل عليه سجود سهو؟   السؤال (234): ما حكم من صلى صلاة العشاء مقصورة خلف المغرب؟   السؤال (235): إذا صلى اثنان خلف الصف ثم انصرف أحدهم لحدث ونحوه فماذا يفعل الثاني؟   السؤال (236): ما حكم مصافة من دون التمييز؟   السؤال (237): ما حكم أخذ الزينة لصلاة الليل؟   السؤال (238): إذا حضرت صلاة الجماعة ومعه طفله الصغير وخشي عليه فهل يعذر في ترك الجماعة؟   السؤال (239): وسألت شيخنا ابن عثيمين رحمه الله ما حكم قراءة الفاتحة في القيام الثاني من صلاة الكسوف هل هي واجبة؟   السؤال (240): وسألته عن حكم صلاة المسافر العشاء خلف مقيم يصلي المغرب؟   السؤال (241): هل قول الإمام للمأمومين قبل الصلاة: استووا، تناظروا، تقاربوا جائزة أم هي من الألفاظ التوقيفية؟   السؤال (242): ذكر شيخ الإسلام وغيره الإجماع على أن المسبوق إذا قضى ما عليه فإنه يقرأ في الركعة الثالثة والرابعة الفاتحة وسورة مع أنهم مختلفون هل ما يدركه المأموم هو أول صلاته أو آخرها؟   السؤال (243): وسألته رحمه الله: من نسي صلاة ثم تذكرها ولم يبق من الوقت إلا مقدار فعلها فهل يصلي الراتبة القبلية إن كان لها راتبة؟   السؤال (244): وسألته عن حكم الصلاة في مسجد فيه قبر؟   السؤال (245): جوز الحنابلة فعل الصلاة المنذورة في أوقات النهي فهل مرادهم أن ينذر صلاة ركعتين مثلا في وقت النهي أو مرادهم أن يقول إذا قدم زيد فلله علي أن أصلي ركعتين فقدم في وقت النهي؟   السؤال (246): سألت ابن عثيمين عن حكم دخول الكنيسة؟   السؤال (247): إذا قدر المريض على أن يصلي قائما علي ركبتيه فهل يلزمه ذلك أم يصلي جالسا؟   السؤال (248): إذا صلى المريض مستلقيا فهل يضع تحت رأسه شيئا؟   السؤال (249): إذا صلي على جنبه فهل يومئ بظهره أم برأسه؟   السؤال (250): إذا أومأ بالسجود فهل يضع يديه علي الأرض؟   السؤال (251): وهل يلزمه رفع العجيزة في هذه الحالة؟   السؤال (252): هل الليلة الباردة عذر في ترك الجماعة؟   السؤال (253): إذا كان بينه وبين الصف الذي هو مسامت له فراغ كثير فهل يصدق عليه أنه خلف الصف؟   السؤال (254): ما حكم لو تذكر الجماع فانتصب ذكره وهو في الصلاة؟   السؤال (255): إذا غابت الشمس ثم طار بالطائرة باتجاه المغرب فرأى الشمس فصلى العصر فهل يكون مصليا في الوقت؟   السؤال (256): ما حكم متابعة الإمام في دعاء الختمة؟ وهل من فارق الإمام في هذه الحالة لا يدخل في حديث أبي ذر رضي الله عنه «من صلى مع إمامه حتى ينصرف كتب له قيام ليلة»؟   السؤال (257): إذا حان وقت الإقامة كما هو مقرر من وزارة الأوقاف ودخل الإمام المسجد، فهل الأولى أن يصلي بالجماعة أو يصلي راتبة الصلاة القبلية؟   السؤال (258): ما حكم شد الرحل لإمامة جماعة في التراويح في مسجد معين؟   السؤال (259): إذا كانت الأرض مبتلة وقلنا: يومئ بالسجود فماذا عن الجلوس؟   السؤال (260): ما حكم لو صلى في الطائرة بالإيماء مع تمكنه من الصلاة في المطار أو كانت الصلاة مما تجمع إلى ما بعدها؟   السؤال (261): إذا قلنا: إن الطبيب الكافر إذا كان ثقة، وقال لمريض: صل مستلقيا لأنه أمكن في مداواتك، أخذنا بقوله فما الحكم إذا اختلف طبيبان مسلم وكافر؟   السؤال (262): ما حكم لو صلى الصغير الذي لم يبلغ الصلاة المكتوبة جالسا؟   السؤال (263): يفرق بعض الفقهاء بين الذي يعجز عن القيام لعلة فيه وبين الذي يستطيع القيام ولكن لا يستطيع الإتيان به لقصر سقف الحجرة، فقالوا في الأول: يصلي ولو كراكع وفي الثاني يصلي جالسا فما هو رأي سماحتكم؟   السؤال (264): إذا قام ليلة الجمعة وقام الليلة التي قبلها أو الليلة التي بعدها فهل تزول الكراهة؟   السؤال (265): هل يترخص في سفر المعصية؟   السؤال (266): هل يقصر الصلاة إذا خرج للنزهة؟   السؤال (267): صلى شخص المغرب في سفر، ثم قدم بلده قبل دخول وقت العشاء فرأى أنه متعب، فهل له الجمع؟   السؤال (268): قول الفقهاء: «ويجوز لمرضع لمشقة كثرة نجاسة الجمع» هل يصدق هذا في عصرنا الحاضر؟   السؤال (269): إذا أبى الإمام أن يجمع للمطر ورأي المأمومون أو بعضهم أن ذلك مبيح للجمع فهل يجمعون في المسجد؟   السؤال (270): قول الفقهاء: «له الجمع ولو صلى في بيته» هل هذا صحيح؟   السؤال (271): وجود المطر عذر مبيح لترك الجماعة وكذا هو عذر للجمع، فهل يعني ذلك أن المطر الذي يبل الثياب إذا وجد قبل خروج الإنسان من منزله فإن له ترك الجماعة، وإذا وجد بعد ذلك فله الجمع؟   السؤال (272): قول الفقهاء: «إذا نسي ركنا من الصلاة الأولى المجموعة أعاد الأولى والثانية» هل هذا صحيح؟   السؤال (273): وقولهم: «إن ترك ركنا ولم يدر من أيهما تركه أعادهما جميعا، هل هذا صحيح»؟   السؤال (274): إذا قدم من سفر في وقت الأولى وقد شرع في الثانية المجموعة كالعصر أو العشاء، فهل يتمها فرضا أو نفلا؟   السؤال (275): إذا أخر صلاة الظهر إلى العصر وهو في سفر ثم قدم بلده في وقت العصر فهل يصلي الظهر أربعا أو اثنين؟   السؤال (276): هل الترتيب بين المجموعتين شرط مطلقا أو مع الذكر؟   السؤال (277): نوى شخص أن يصلي الظهر والعصر جمع تأخير ثم لم يصلهما حتى بقي من وقت العصر ما لا يسع إلا لواحدة منهما، فهل يرتب هنا أو يصلي العصر أولا؟   السؤال (278): لو وقع عذر يبيح الجمع بين الصلاتين كمطر ولكن أبى الإمام الجمع فهل للمأمومين الجمع؟   السؤال (279): وسألته عن رجل ذهب إلى المطار للسفر والمطار خارج البلد إلا أنه ليس عنده حجز مؤكد بل في قائمة الانتظار، فهل يجوز له القصر؟   السؤال (280): إذا سمع المسافر النداء للصلاة وهو ما زال في بلده. فهل يلزم بالصلاة مع الجماعة أو يمضي في سفره؟   السؤال (281): وإذا سمع الإقامة فما الحكم؟   السؤال (282): إذا سلم الإمام قبل إتمام الصلاة ثم نبه أو تنبه فما الحكم في ذلك؟   السؤال (283): قلتم: لا يجوز للمسافر أن يجمع العصر مع الجمعة إلا إذا نوى بالجمعة الظهر فيجوز لكن يفوته الأجر، فهل نأخذ من ذلك أن لكل من لم تجب عليه الجمعة كالمرأة والصبي أن يحضر وينويها ظهرا؟   السؤال (284): ما هو القول الراجح في صلاة المسافر الجمعة؟   السؤال (285): هل يجوز للمسافر إذا دخل بلدا وهو يريد أن يقيم فيه أياما الجمع بين الظهرين والعشاءين؛ لأنه إذا جمع لم يصل العصر والعشاء مع الجماعة مع أنه يسمع النداء؟   السؤال (286): قول الفقهاء: «إذا بلغ الصبي بعد أن صلى الظهر يوم الجمعة فإنه يجب عليه أن يصلي الجمعة فإن صلوا أعاد الظهر» هل قولهم صحيح؟   السؤال (287): علل بعض الفقهاء عدم انعقاد الجمعة بالعبد والمسافر بقوله: لو انعقدت بهم لانعقدت بهم منفردين كالأحرار المقيمين. فهل هذا صحيح؟   السؤال (288): هل ينبني على خلاف الفقهاء في كون صلاة الجمعة صلاة مستقلة شيء؟   السؤال (289): إذا أدرك المسافر التشهد من صلاة الجمعة فهل يصلي ظهرا مقصورة؟   السؤال (290): إذا أدرك من صلاة الجنازة التكبيرة الثالثة ثم سلم الإمام فهل يقضي المأموم ما فاته من التكبير؟   السؤال (291): متى تفوت تكبيرة الإحرام؟ وما صحة قول من يقول: إنها تفوت إذا شرع الإمام بالفاتحة؟   السؤال (292): أحيانا يكون الإنسان مستعجلا فلا يأتي بأذكار الصلاة إلا بعد الراتبة البعدية فهل يفوته فضلها؟   السؤال (293): ما حكم ظهور شيء من الصدر أو الظهر في أثناء الصلاة؟ وهل الأمر بستر العاتق أمر بسترهما؟   السؤال (294): لو صلى إنسان وهو مسبل إزاره فهل تبطل صلاته؟   السؤال (295): وسألته رحمه الله عن وجود أكثر من صبي غير مميز في الصف هل وجودهم قاطعا للصف؟   السؤال (296): هل يكبر التكبير المقيد خلف صلاة العيد وخلف صلاة مقضية؟   السؤال (297): يجوز الفقهاء أداء صلاة الكسوف في البيت، لكن ورد في بعض الأحاديث «فافزعوا إلى المساجد» فما رأيكم؟   السؤال (298): إذا سبح اثنان من المأمومين على أن الإمام أخطأ في الصلاة وهو لم يخطئ فماذا يفعل من تيقن عدم خطأ الإمام؟   السؤال (299): ما حكم لو جمع العصر مع الجمعة مدة جهلا منه؟   السؤال (300): هل تسقط تحية المسجد بطول الفصل؟   السؤال (301): قلتم: إذا دخل المسجد الحرام للطواف فإنه تحيته الطواف وإذا لم يرد الطواف فإنه يصلي ركعتين تحية المسجد كغيره من المساجد مع أنه إذا طاف سوف يصلي ركعتي الطواف؟   السؤال (302): سبق وأن سألتكم عن سقوط تحية المسجد إذا طال الفصل وقلتم بسقوطها لكن ما الجواب عن حديث أنس مرفوعا: «من نام عن صلاة أو نسيها فليصلها إذا ذكرها لا كفارة لها إلا ذلك» و (صلاة) نكرة في سياق الشرط فتعم؟   السؤال (303): لو كان الإنسان مستعجلا فقرأ آية الكرسي في الركعة الأولى من الراتبة البعدية للظهر مثلا وقرأ سورة الإخلاص في الركعة الثانية من الراتبة، فهل في هذا بأس وهل يفوته الأجر الخاص بقراءة آية الكرسي دبر كل صلاة؟   السؤال (304): ما حكم إعادة صلاة الجنازة في وقت النهي؟   السؤال (305): ذكر الشيخ ناصر الألباني حديثا في كتابه الجنائز أن رسول الله صلى الله عليه وسلم دخل على رجل من الأنصار يعوده فقال له: «قل: لا إله إلا الله» وقال: إن في هذا ردا على من قال: لا يلقن بـ «قل» مع أنه وقع في الحديث قول الأنصاري: أو تنفعني فما رأيكم؟   السؤال (306): كثير من الناس إذا دخل المسجد الحرام يجلس لشرب ماء زمزم قبل أن يصلي تحية المسجد فما حكم ذلك؟   السؤال (307): ما هو الجمع بين قول الفقهاء إن المسبوق في صلاة الجنازة له أن يسلم مع الإمام وله أن يتابع التكبير، وبين قولهم: إذا نسي التكبير يقضي مع قرب الفصل أو يستأنف؟   السؤال (308): قول الفقهاء: لا تصح الصلاة على ميت في تابوت؟   السؤال (309): بعض الأئمة في رمضان يقرأ القرآن في المغرب والفجر والعشاء لكي يختم القرآن، فما رأيكم في هذا العمل؟   السؤال (310): إذا دخل إنسان المسجد وهم في صلاة العشاء قد جمعوها مع المغرب جمع تقديم وقلنا له: ادخل معهم بنية المغرب فهل إذا سلم من المغرب يجمع معها العشاء أو نقول له: لا تجمع لأنك لا تستفيد من هذا الجمع؟   السؤال (311): وسألته عن مريض يصلي على كرسي مع الجماعة ويؤخر الكرسي عن الصف؛ لأنه يستطيع القيام، فإذا قام صار مع الصف وإذا جلس على الكرسي تخلف عن الصف فما الحكم في هذه الصورة؟   السؤال (312): ما حكم الكتابة على القبور؟   السؤال (313): ما حكم المشي بين القبور بالنعال؟   السؤال (314): ما حكم إنارة سور المقبرة؟   السؤال (315): ألا يدل حديث أبي بكرة في سقوط الفاتحة على وجوبها في حق المأموم وأنها ليست بركن؟   السؤال (316): إذا قلنا: إن التصفيق جائز فما الجواب عن قوله صلى الله عليه وسلم: «إنما التصفيق للنساء»؟   السؤال (317): إذا دخل المسجد وهم سجود فكبر للإحرام ولم يتابع بل ظل واقفا فما حكم ذلك.   السؤال (318): إذا دخل الإنسان المسجد ولم يجد سترة يصلي إليها النافلة إلا في مكان بعيد عن الصف الأول، فأيهم أفضل الصلاة إلى سترة مع العبد عن الصف الأول أو الصلاة في الصف الأول بدون سترة؟   السؤال (319): يستحب الفقهاء القبر عند رجل صالح فما رأيكم؟   السؤال (320): ذهبت المرأة إلى أناس وحضرت الصلاة فسألتهم عن القبلة فدلوها عليها، فصلت ثم تبين أن أهل البيت قد أخطئوا في تحديد القبلة، فهل عليها إعادة ما صلت أم لا؟   السؤال (321): إذا صف أكثر من صبي وهم دون التمييز فهل يقطعون الصف؟   السؤال (322): ما حكم الصلاة في المقبرة؟ وإذا صلى ناسيا ما حكم صلاته؟   السؤال (323): ما حكم الصلاة في مسجد فيه قبر؟   السؤال (324): هل هناك قدر جائز في الاجتماع عند الميت؟   السؤال (325): روى المغيرة بن شعبة رضي الله عنه مرفوعا: «من نيح عليه يعذب بما نيح عليه» رواه البخاري ومسلم، زاد مسلم: «يوم القيامة» قال الشيخ الألباني رحمة الله: كنت أميل إلى اختيار شيخ الإسلام أن العذاب بمعنى التألم حتى وقفت على هذه الزيادة فترجح عندي قول من قال: إنه محمول على من أوصى بذلك، فما رأي فضيلتكم بهذه الزيادة؟   السؤال (326): أراد رجل أن يصلي ثلاث ركعات سردا في قيام الليل فنسي فجلس في الثانية فما الحكم؟   السؤال (327): ما رأيكم بالسجادة التي تكون فيها صورة الحرم الملكي أو المدني؟   السؤال (328): إذا صلى في مسجد فيه قبر وجهل الحال: هل القبر سابق أم لا وهل هو في القبلة أم لا، فما حكم صلاته؟   السؤال (329): ما حكم إذا أراد مسافر أن يصلي العشاء خلف من يصلي المغرب؟   السؤال (330): سمعتكم تجوزون الصلاة والعاتق مكشوف وتستدلون علي ذلك بحديث جابر مع أن لفظ حديث جابر: أنه يصلى، وقد عقد الإزار من قبل قفاه. كذا في «صحيح البخاري»، فما رأيكم؟   السؤال (331): ما حكم صلاة المأموم جالسا مع القدرة على القيام خلف إمام قائم في نفل؟   السؤال (332): تيقن مأموم أن إمامه نقص في صلاته ركعة فما هو الواجب عليه فعله إذا كان عليه قضاء وإذا لم يكن عليه قضاء؟   السؤال (333): ما حكم السفر للصلاة على الجنازة؟ حيث سافر الكثير للصلاة على جنازة شيخنا الشيخ عبد العزيز بن باز رحمه الله؟   السؤال (334): وقع اختلاف بين الناس هلي يصلى على الشيخ صلاة الغائب في المنطقة الشرقية مثلا قبل أيصلى عليه في مكة أو تكون الصلاة على روح الميت؟   السؤال (335): ما يقع الآن في وسائل الإعلام من الثناء على الشيخ ونحوه ذلك؟   السؤال (336): هل يسجد الرجل لتلاوة المرأة إذا سجدت وكان منصتا لقراءتها؟   السؤال (337): صلى شخص الظهر في دار إقامته ثم سافر فهل له أن يصلي العصر في مطار الملك خالد قبل أن يدخل وقتها؟   السؤال (338): ما هو الوتر هل هو الركعة التي تصلى مفردة وما قبلها ليس منه؟ أو الوتر هو مجموع ما يصلي بالليل وإن كان قد صلى مثنى مثنى؟   السؤال (339): هل يشترط أن يكون المسجد هو الأعلى أو ليس فوقه شيء من البنيان؟   السؤال (340): إذا خرج جماعة إلى استراحة مثلا وأكل بعضهم بصلا ولم يأكل البعض الآخر فهل للذين أكلوا البصل أن يصلوا معهم؟  الزكاة   السؤال (341): ما حكم دفع الزكاة أو الصدقة لمدخن؟   السؤال (342): أم كانت تخفي بعض مال ولدها فلما مرت سنتان على المال أخرجته فأعطته إياه فهل عليه زكاة؟   السؤال (343): إذا فعل الابن حادثا بالسيارة وأتلف سيارة الغير فهل يجوز للأب أن يدفع زكاته للابن في هذه الحال؟   السؤال (344): إذا احتاج إنسان للسف","الإسلام|الكتب المطبوعة","Arabic|English","bnr10043-1.pdf=الرابط المباشر 1  (للتحميل اضغط هنا)"
"bnr10044","تاريخ البشرية - ج1","ارنولد تويني","bnr","كتاب تاريخ البشرية - ج1 pdf تأليف أرنولد توينى يبحث فيه الكاتب و المفكر الكبير توينى عن الحوادث التى أدت الى ظهور البشرية وساهمت فى تطورها الى الان، تاريخ البشرية دراسة خاصة تهتم بالتطور الانسانى للبشرية من حيث الفكر و التكوين ويبتعد عن الدراسة الاجتماعية و السياسية فالكتاب محدد ودقيق فى بحثه ودراسته. إليك كتاب تاريخ البشرية - ج1 pdf تأليف أرنولد توينى، نتمنى لك قراءة ممتعة. . ","التاريخ|الكتب المطبوعة","Arabic|English","bnr10044-1.pdf=الرابط المباشر 1  (للتحميل اضغط هنا)"
"bnr10045","عقيدة أهل السنة والجماعة للإمام الحافظ أبي عيسى الترمذي","طارق بن عوض الله بن محمد أبو معاذ","bnr","مقدمة المؤلف; 5  ترجمة الإمام الترمذي; 9  باب من كان آخر قوله : لا إله إلا الله دخل الجنة; 14  باب من يموت و هو يشهد أن لا إله إلا الله; 16  باب الإيمان قول و عمل; 19  باب الصلاة من الإيمان; 20  باب ليس منا من لم يرحم صغيرنا; 24  باب في علامة المنافق; 26  باب في الحلف بغير الله; 30  باب في الحلف بغير ملة الإسلام; 33  باب فيمن أتى حائضاً . أو امرأة في دبرها , أو كاهناً , فقد كفر; 35  باب فيمن يتهاون في شهود الجماعة; 37  باب في الصيام في السفر; 39  باب سباب المسلم فسوق , وقتاله كفر; 41  باب في الكبر; 43  باب فيمن قتل نفسه بسم أو غيره; 45  باب في : لا يزني الزاني وهو مؤمن; 48  باب في قتل شارب الخمر; 52  باب في حد الساحر; 54  باب في لزوم جماعة المسلمين; 56  باب الطائفة المنصورة; 58  باب في نكث البيعة; 61  باب فيمن أم قوماً وهم له كارهون; 62  باب فيمن يفسر القرآن برأيه; 64  باب في صفة المارقة; 67  باب في ذم الرأي; 72  باب في القرآن; 74  باب في الأسماء و الصفات; 78  باب في رؤيا الأنبياء; 96  باب في الرياء; 98  باب في الحور بعد الكور; 99  باب في حلل الإيمان; 100  باب في محاسبة النفس; 101  باب في قبول خبر الواحد; 103  باب في الظن; 107  باب في الحكم بالكتاب و السنة; 109  باب فيما يتمنى أهل الجنة; 112  باب في الزهد في الدنيا; 114 ","الإسلام|الكتب المطبوعة","Arabic|English","bnr10045-1.pdf=الرابط المباشر 1  (للتحميل اضغط هنا)"
"bnr10046","محنة مسلمي الأندلس عشية سقوط غرناطة وبعدها","د. محمد عبده حتامله","bnr","كتاب محنة مسلمي الأندلس عشية سقوط غرناطة وبعدها pdf تأليف د. محمد عبده حتامله، يعالج هذا الكتاب مرحلة مهمة في تاريخ الاندلس، تمثل الحقبة الأخيرة من دولة بني الأحمر، وتبدأ هذه الحقبة بولادة أبي الحسن علي وتنتهي بوفاة أبي عبد اله الصغير، ففي هذه الفترة كانت تقوم في الاندلس مملكة إسلامية عاصمتها مدينة غرناطة، ويتربع على عرشها السلطان أبو الحسب علي. ومن جهة أخرى كانت تقوم في شبه جزيرة أيبريا عدة ممالك صغيرة متناحرة غير أن هذا الوضع تبدل في النهاية بعد أن تجمعت هذه الممالك الصغيرة في مملكتين اثنتين هما مملكة قشتالة ومملكة أراغون.   ","التاريخ|الكتب المطبوعة","Arabic|English","bnr10046-1.pdf=الرابط المباشر 1  (للتحميل اضغط هنا)"
"bnr10048","أهل الكهف - قراءة في مخطوطات البحر الميت","هالة العوري","bnr","وصف كتاب أهل الكهف - قراءة في مخطوطات البحر الميت pdf تأليف هالة العورى الكتاب غنى جدا بالمعلومات عن فترة أغلب المعلومات عنها مشوشة و متضاربة جدا فى بعض الأحيان ، الكتاب يناقش بعض ماتم كشفه من المخطوطات و أهميتها خصوصا فى فهم القرن الاول الميلادى و الأحداث التى جرت فى فلسطين فى هذه الفترة من ظهور المسيحية و ما تلاها من أحداث و صدمات... و لكن المشكلة تكمن كما أوضحت هالة العورى فى عدم الكشف عن كل المخطوطات حتى الآن و الموجودة للدراسة لأنها باختصار تهد و تدمر المعبد الذى تم بنائه من ألفى عام و تكشف الكذبة الكبرى عن ما ورد عن القرن الأول الميلادى ","المخطوطات والكتب النادرة","Arabic|English","bnr10048-1.pdf=الرابط المباشر 1  (للتحميل اضغط هنا)"
"bnr1005","جسمك لا يكذب للكاتب انيس منصور","أنيس منصور","bnr","تحميل كتاب جسمك لا يكذب pdf للكاتب انيس منصور<br><br>نحن نشبه بعض في كل شيء أفكارنا وعاداتنا ولغتنا وطعامنا وشرابنا ومسكنا  وملابسنا الجاهزة وملابسنا التفصيل . ولكننا نختلف في أجسامنا  فأجسامنا هي الشيء الشخصي الوحيد فكل واحد له جسم مختلف عن الأخر وللجسد معالم متميزة وجسمي هو وسيلتي الوحيدة الى معرفة العالم والتأثير فيه . هو المرض . هو العمل .. هو الأرشيف وهو الملعب وهو المقبرة أيضا&#1611;....     الكاتب : أنيس منصور عدد الصفحات : 190 صفحة الحجم :16.7 ميجابايت<br><br>الحقوق محفوظة للكاتب <br> ","غير مصنف|الكتب المطبوعة","Arabic|English","bnr1005-1.pdf=الرابط المباشر 1  (للتحميل اضغط هنا)"
"bnr10050","المسيحية والسيف","برتولومي دي لاس كازاس","bnr","مقدمة الناشر  مقدمة المؤلف  من المطران برتولومي دي لاس كازاس إلى سمو أمير بلاد إسبانيا المعظم  رواية موجزة جدا لدمار بلاد الهند  عن الجزيرة الإسبانية  عن الممالك التي كانت في الجزيرة الإسبانية  عن جزيرة كوبا  غزو اليابسة  عن مقاطعة نيكاراغوا  عن ما يسمى بإسبانيا الجديدة  عن مملكة غواتيمالا  عن إسبانيا الجديدة في نانوكو وجاليسكو  عن مملكة يوكاتان  عن خراج سانتا مرتا  عن ساحل اللؤلؤ وباريا وجزيرة ترينيداد  عن نهر يايا باري  حول المناطق البرية والساحلية المسماة بفلوريدا  عن ريو ديلا بلاتا  عن ممالك عظيمة ومناطق كبيرة من البيرو ","المعارف العامة|الكتب المطبوعة","Arabic|English","bnr10050-1.pdf=الرابط المباشر 1  (للتحميل اضغط هنا)"
"bnr10051","معجم مصطلحات أصول الفقه (عربي - إنكليزي ) - نسخة مصورة","د.قطب مصطفى سانو","bnr","","الإسلام|الكتب المطبوعة","Arabic|English","bnr10051-1.rar=الرابط المباشر 1  (للتحميل اضغط هنا)"
"bnr10052","مشكلات الأطفال (تشخيص وعلاج لأهم عشر مشكلات ) - نسخة مصورة","أ.د. عبد الكريم بكار","bnr","","غير مصنف|الكتب المطبوعة","Arabic|English","bnr10052-1.pdf=الرابط المباشر 1  (للتحميل اضغط هنا)|bnr10052-2.rar=الرابط المباشر 2  (للتحميل اضغط هنا)"
"bnr10053","رفع الحرج في الشريعة الإسلامية دراسة أصولية تأصيلية - نسخة مصورة","د.يعقوب بن عبدالوهاب الباحسين","bnr","","الإسلام|الكتب المطبوعة","Arabic|English","bnr10053-1.rar=الرابط المباشر 1  (للتحميل اضغط هنا)"
"bnr10054","مقتل أمير المؤمنين علي بن أبي طالب","عبد الله محمد عبيد البغدادي أبو بكر ابن أبي الدنيا","bnr","","المعارف العامة|الكتب المطبوعة","Arabic|English","bnr10054-1.pdf=الرابط المباشر 1  (للتحميل اضغط هنا)"
"bnr10056","ديوان اللصوص في العصرين الجاهلي والإسلامي","محمد نبيل طريفي","bnr","","الآداب|الكتب المطبوعة","Arabic|English","bnr10056-1.pdf=الرابط المباشر 1  (للتحميل اضغط هنا)|bnr10056-2.pdf=الرابط المباشر 2  (للتحميل اضغط هنا)|bnr10056-3.pdf=الرابط المباشر 3  (للتحميل اضغط هنا)"
"bnr10057","سلسلة العقيدة في ضوء الكتاب والسنة (1) العقيدة في الله","د.عمر بن سليمان الأشقر","bnr","","الإسلام|الكتب المطبوعة","Arabic|English","bnr10057-1.pdf=الرابط المباشر 1  (للتحميل اضغط هنا)|bnr10057-2.rar=الرابط المباشر 2  (للتحميل اضغط هنا)"
"bnr10058","أعرف نفسك - نسخة مصورة","كاتب غير محدد","bnr","","العلوم الاجتماعية|الكتب المطبوعة","Arabic|English","bnr10058-1.pdf=الرابط المباشر 1  (للتحميل اضغط هنا)|bnr10058-2.rar=الرابط المباشر 2  (للتحميل اضغط هنا)"
"bnr10059","النزعات الأصولية فى اليهودية والمسيحية والإسلام"," كارين آرمسترونغ","bnr","كتاب النزعات الأصولية فى اليهودية والمسيحية والإسلام pdf تأليف كارين آرمسترونغ المفكر والباحث الكبير يتناول خلال الكتاب دراسة موضوعية ومنهج بحثى واقعى عن طريق سرد عدة مقالات فى فصول الكتاب المختلفة بأسلوب سلس ولغة واضحة يبحث من خلالها الكاتب فى النزعات الأصولية لدى العقائد الثلاث اليهودية والمسيحية والإسلامية، الكتاب مميز بوضوح لغته وسلاسة أسلوبه. إليك كتاب النزعات الأصولية فى اليهودية والمسيحية والإسلام pdf تأليف كارين آرمسترونغ، نتمنى لك قراءة ممتعة. ","الديانات الأخرى|الكتب المطبوعة","Arabic|English","bnr10059-1.pdf=الرابط المباشر 1  (للتحميل اضغط هنا)"
"bnr1006","أسطورة الحب كريم الشاذلي","كريم الشاذلى","bnr","","العلوم الاجتماعية|الكتب المطبوعة","Arabic|English","bnr1006-1.pdf=الرابط المباشر 1  (للتحميل اضغط هنا)"
"bnr10061","علمتني الحياة","وائل عادل الصلوي","bnr","بعض الحكم عن الحياة يقطفها وائل عادل الصلوي من كل بستان زهرة وارجو ان تنال اعجابكم ","المعارف العامة|الكتب المطبوعة","Arabic|English","bnr10061-1.pdf=الرابط المباشر 1  (للتحميل اضغط هنا)"
"bnr10062","تحريم الربا تنظيم إقتصادي","محمد ابو زهرة","bnr","","الإسلام|الكتب المطبوعة","Arabic|English","bnr10062-1.pdf=الرابط المباشر 1  (للتحميل اضغط هنا)"
"bnr10064","العلمانية الليبرالية الديمقراطية الدولة المدنية في ميزان الإسلام","اللجنة العلمية بجمعية الترتيل","bnr","","الإسلام|الكتب المطبوعة","Arabic|English","bnr10064-1.pdf=الرابط المباشر 1  (للتحميل اضغط هنا)"
"bnr10065","تاريخ الكنيسة المسيحية القديمة والحديثة فى ست كتب","  يوحنا لورنس فان موسهيم","bnr","كتاب تاريخ الكنيسة المسيحية القديمة والحديثة فى ست كتب pdf تأليف يوحنا لورنس فان موسهيم المفكر والباحث الكبير يقدم مرجع كبير ودراسة وافية يعرضها من خلال دراسة بحثية ويسردها عبر عدة مقالات مقسمة إلى عدد من الفصول داخل الكتاب، يتناول مناقشة تاريخ الكنيسة قديما وحديسا من خلال 6 مراجع كبرى بأسلوب سلس ولغة واضحة. إليك كتاب تاريخ الكنيسة المسيحية القديمة والحديثة فى ست كتب pdf تأليف يوحنا لورنس فان موسهيم، نتمنى لك قراءة ممتعة. ","التاريخ|الكتب المطبوعة","Arabic|English","bnr10065-1.pdf=الرابط المباشر 1  (للتحميل اضغط هنا)"
"bnr10066","روضة الزاهدين","عبد الملك على الكليب","bnr","مقدمة  1-تعريفهم للزهد  2-زهدهم في الدنيا  3-ذم الدنيا  4-ذم أصحاب الدنيا  5-قصر الأمل  6-الاجتهاد في العبادة  7-الخوف من القدر والنار  8-الحزن والبكاء والخشية  9-إزراؤهم بأنفسهم  10-مواعظهم  11-وصاياهم  12-في الجود والنفقة  13-جهادهم  14-في الذكر  15-كتمان العمل  16-آراؤهم في العزلة  17-مناجاتهم  18-ذكرهم للموت  19-في الحكمة  20-بينهم وبين الحكام  21-صبرهم على البلاء  22-في التقوى  23-ذم الغيبة وسقط اللسان  24-الرقائق  25-زهدهم في المأكل  26-في الصحبة الصالحة  27-حسن ظنهم بالله عز وجل  28-فضل السعة والغنى  29-في حبهم لله عز وجل وحياؤهم منه  30-فضل الصحابة والتابعون وسلوكهم  31-تأملاتهم. ","العلوم الاجتماعية|الكتب المطبوعة","Arabic|English","bnr10066-1.pdf=الرابط المباشر 1  (للتحميل اضغط هنا)|bnr10066-2.zip=الرابط المباشر 2  (للتحميل اضغط هنا)"
"bnr10067","الفكر الإقتصادي عند الإخوان المسلمين الدكتور عبد الحميد الغزالي","كاتب غير محدد","bnr","","الفلسفة والعلوم المتصلة بها|الكتب المطبوعة","Arabic|English","bnr10067-1.pdf=الرابط المباشر 1  (للتحميل اضغط هنا)"
"bnr10068","ثقة المسلم بالله تعالى في ضوء الكتاب والسنة","محمد بن إبراهيم بن سليمان الرومي","bnr","المقدمة  تمهيد  المبحث الأول ثقة المسلم بالله تعالى في استجابة الدعاء   1 - أهمية الدعاء وثقة المسلم في استجابة الله له   2 - استجابة الله لدعاء من وثق في إجابته سبحانه  المبحث الثاني ثقة المسلم بالله تعالى في تفريج الكربات   1 - أهمية الثقة بالله تعالى في تفريج الكربات   2 - الدعوة إلى الثقة بالله تعالى في تفريج الكربات   3 - نماذج لمن وثق بالله وفرج الله كربته  المبحث الثالث ثقة المسلم بالله تعالى في التكفل بالرزق   1 - الدعوة إلى ثقة المسلم بالله في التكفل بالرزق   2 - أثر ثقة المسلم بالله في التكفل بالرزق  المبحث الرابع ثقة المسلم بالله تعالى في الدعوة إلى الله   1 - أهمية تكوين الدعاة لنشر الدعوة   2 - الثقة بالله تعالى من أهم صفات الداعية   3 - الثقة بالله تعالى تعلم الداعية الصبر  المبحث الخامس ثقة المسلم بالله تعالى في النصر على الأعداء   1 - ثقة نبي الله موسى عليه السلام بالله تعالى في نصره على فرعون   2 - ثقة النبي - صلى الله عليه وسلم - بربه في غزوة بدر   3 - ثقة النبي في ربه في غزوة أحد   4 - ثقة النبي بالله تعالى في غزوة الأحزاب  المبحث السادس ثقة المسلم بالله تعالى في إنفاذ وعده سبحانه   1 - الثقة في أن وعد الله سبحانه لا يتخلف   2 - الثقة في وعد الله بنصر رسله   3 - الثقة في وعد الله للمؤمنين بدخول الجنة   4 - الثقة في وعد الله لعباده الصالحين  الخاتمة  فهرس المصادر والمراجع ","العلوم الاجتماعية|الكتب المطبوعة","Arabic|English","bnr10068-1.pdf=الرابط المباشر 1  (للتحميل اضغط هنا)"
